{
  "0": {
    "room": "Comms",
    "position": {
      "x": -16.191698,
      "y": -0.90999997
    }
  },
  "1": {
    "room": "Comms",
    "position": {
      "x": -8.663198,
      "y": -0.9099996
    }
  },
  "2": {
    "room": "Comms",
    "position": {
      "x": -13.362299,
      "y": -0.015400052
    }
  },
  "3": {
    "room": "Comms",
    "position": {
      "x": -10.975999,
      "y": -2.3309999
    }
  },
  "4": {
    "room": "Brig",
    "position": {
      "x": -0.9260999,
      "y": 7.100799
    }
  },
  "5": {
    "room": "Brig",
    "position": {
      "x": -3.6364996,
      "y": 8.784999
    }
  },
  "6": {
    "room": "Brig",
    "position": {
      "x": 2.7145998,
      "y": 8.850798
    }
  },
  "7": {
    "room": "Kitchen",
    "position": {
      "x": -8.764699,
      "y": -7.2687993
    }
  },
  "8": {
    "room": "Kitchen",
    "position": {
      "x": -8.764699,
      "y": -11.976298
    }
  },
  "9": {
    "room": "Kitchen",
    "position": {
      "x": -1.4979999,
      "y": -12.040699
    }
  },
  "10": {
    "room": "MainHall",
    "position": {
      "x": 4.2496986,
      "y": 0.042
    }
  },
  "11": {
    "room": "MainHall",
    "position": {
      "x": 17.490198,
      "y": 0.04619999
    }
  },
  "12": {
    "room": "Records",
    "position": {
      "x": 16.382797,
      "y": 9.368099
    }
  },
  "13": {
    "room": "Records",
    "position": {
      "x": 23.97472,
      "y": 9.368099
    }
  },
  "14": {
    "room": "Records",
    "position": {
      "x": 19.858297,
      "y": 5.601399
    }
  },
  "15": {
    "room": "Lounge",
    "position": {
      "x": 29.2544,
      "y": 6.6990004
    }
  },
  "16": {
    "room": "Lounge",
    "position": {
      "x": 30.7944,
      "y": 6.6990004
    }
  },
  "17": {
    "room": "Lounge",
    "position": {
      "x": 32.2924,
      "y": 6.6990004
    }
  },
  "18": {
    "room": "Lounge",
    "position": {
      "x": 33.7771,
      "y": 6.6990004
    }
  },
  "19": {
    "room": "Medical",
    "position": {
      "x": 21.314297,
      "y": -8.416099
    }
  },
  "20": {
    "room": "Medical",
    "position": {
      "x": 32.540195,
      "y": -4.694899
    }
  }
}